Name,Monday,Tuesday,Wednesday,Thursday,Friday,Saturday,Sunday
24 Hour Massage - Herbal Footcare Health & Beauty Centre,8:30am-2am,8:30am-2am,8:30am-2am,8:30am-3am,8:30am-3am,8:30am-2am,8:30am-2am
Aylwin Sports Therapy,No info available,No info available,No info available,No info available,11am-7pm,No info available,No info available
Beauty World Thai Massage,10am-10pm,10am-10pm,10am-10pm,10am-10pm,10am-10pm,10am-10pm,10am-10pm
Chakra Tantra Massage Singapore - Outcall Massage,No info available,No info available,No info available,No info available,No info available,No info available,No info available
FootNote Reflexology - Body & Foot Massage,11am-10pm,11am-10pm,11am-10pm,11am-10pm,11am-10pm,11am-10pm,11am-10pm
Healing Thai Massage,10am-10:30pm,10am-10:30pm,10am-10:30pm,10am-10:30pm,10am-10:30pm,10am-10:30pm,10am-10:30pm
Healthland Pte Ltd ( Traditional Thai Massage / Oil Massage / Foot Massage ),10:30am-10pm,10:30am-10pm,10:30am-10pm,10:30am-10pm,10:30am-10pm,10:30am-10pm,10:30am-10pm
Heng Heng Massage,10:30am-8:30pm,10:30am-8:30pm,10:30am-8:30pm,10:30am-8:30pm,10:30am-8:30pm,10:30am-8:30pm,10:30am-8:30pm
Indian Girl Massage,10am-10pm,10am-10pm,10am-10pm,10am-10pm,10am-10pm,10am-10pm,10am-10pm
Koyee (Unisex) Hair & Beauty Saloon,10am-9pm,10am-9pm,10am-9pm,10am-9pm,10am-9pm,10am-9pm,10am-9pm
Lyna Viet Massage & Spa,9:30am-10:30pm,9:30am-10:30pm,9:30am-10:30pm,9:30am-10:30pm,9:30am-10:30pm,9:30am-10:30pm,9:30am-10:30pm
Massagez Kaki Wellness AMK,11am-10pm,No info available,11am-10pm,11am-10pm,11am-10pm,11am-10pm,11am-10pm
NING Foot & Back Massage Spa,No info available,No info available,No info available,11am-9pm,11am-9pm,11am-9pm,11am-9pm
Oriental Therapy Pte Ltd,No info available,No info available,No info available,9am-10:30pm,9am-10:30pm,9am-10:30pm,9am-10:30pm
Precious Foot Reflexology - Massage | Tui na | Foot Massage | Gua Sha - Toa Payoh,No info available,No info available,10am-10pm,10am-10pm,10am-10pm,10am-10pm,10am-10pm
Sabaai Sabaai Traditional Thai Massage,No info available,No info available,No info available,No info available,No info available,11am-10pm,11am-10pm
Sante Wellness Pte Ltd,10am-11pm,10am-11pm,10am-11pm,10am-11pm,10am-11pm,10am-11pm,10am-11pm
Soul Massage Singapore (Orchard) - Home Massage Service,10am-10pm,10am-10pm,10am-10pm,10am-11pm,10am-11pm,10am-11pm,10am-10pm
Soul Massage,9am-10:30pm,9am-10:30pm,9am-10:30pm,9am-10:30pm,9am-10:30pm,9am-10:30pm,9am-10:30pm
Tao Yuan Spa,No info available,No info available,9am-10:30pm,9am-10:30pm,9am-10:30pm,9am-10:30pm,9am-10:30pm
TD Spa ~ Traditional Thai Massage,10am-12am,10am-12am,10am-1am,10am-1:30am,10am-1:30am,10am-1am,No info available
Wan Lin Healthcare Centre,10:30am-9pm,10:30am-9pm,10:30am-9pm,10:30am-9pm,10:30am-9pm,10:30am-9pm,10:30am-9pm
Yue Yuan Beauty Spa,No info available,No info available,No info available,No info available,No info available,No info available,No info available
